ID,Slug,Name,Position,Team
1631260,aj-green,A.J. Green,G,MIL
1631100,aj-griffin,AJ Griffin,F,ATL
203932,aaron-gordon,Aaron Gordon,F,DEN
1628988,aaron-holiday,Aaron Holiday,G,ATL
1630174,aaron-nesmith,Aaron Nesmith,G-F,BOS
1630598,aaron-wiggins,Aaron Wiggins,G,OKC
1629678,admiral-schofield,Admiral Schofield,F,ORL
201143,al-horford,Al Horford,C-F,BOS
202692,alec-burks,Alec Burks,G,NYK
1630197,alekesej-pokusevski,Alekesej Pokusevski,F,OKC
1627936,alex-caruso,Alex Caruso,G,CHI
203458,alex-len,Alex Len,C,SAC
1631214,alondes-williams,Alondes Williams,G,BKN
1630578,alperen-sengun,Alperen Sengun,C,HOU
1629599,amir-coffey,Amir Coffey,G-F,LAC
203083,andre-drummond,Andre Drummond,C,CHI
2738,andre-iguodala,Andre Iguodala,G-F,GSW
1629614,andrew-nembhard,Andrew Nembhard,G-F,IND
203952,andrew-wiggins,Andrew Wiggins,F,GSW
1629014,anfernee-simons,Anfernee Simons,G,POR
203076,anthony-davis,Anthony Davis,F-C,LAL
1630162,anthony-edwards,Anthony Edwards,G,MIN
1630264,anthony-gill,Anthony Gill,F,WAS
1630237,anthony-lamb,Anthony Lamb,F,HOU
1629717,armoni-brooks,Armoni Brooks,G,TOR
1629083,arnoldas-kulboka,Arnoldas Kulboka,F,CHA
1630559,austin-reaves,Austin Reaves,G,LAL
203085,austin-rivers,Austin Rivers,G,DEN
202340,avery-bradley,Avery Bradley,G,LAL
1630245,ayo-dosunmu,Ayo Dosunmu,G,CHI
1628389,bam-adebayo,Bam Adebayo,C-F,MIA
203463,ben-mclemore,Ben McLemore,G,POR
1627732,ben-simmons,Ben Simmons,G-F,BKN
1631097,bennedict-mathurin,Bennedict Mathurin,G-F,IND
202687,bismack-biyombo,Bismack Biyombo,C,PHX
201933,blake-griffin,Blake Griffin,F,BKN
1631104,blake-wesley,Blake Wesley,G,SAS
1626246,boban-marjanovic,Boban Marjanovic,C,HOU
1626171,bobby-portis,Bobby Portis,F,MIL
203992,bogdan-bogdanovic,Bogdan Bogdanovic,G,ATL
202711,bojan-bogdanovic,Bojan Bogdanovic,F,UTA
1629626,bol-bol,Bol Bol,C-F,ORL
1630538,bones-hyland,Bones Hyland,G,DEN
203078,bradley-beal,Bradley Beal,G,WAS
1630527,brandon-boston,Brandon Boston,G,LAC
1629634,brandon-clarke,Brandon Clarke,F,MEM
1629164,brandon-goodwin,Brandon Goodwin,G,CLE
1627742,brandon-ingram,Brandon Ingram,F,NOP
1630314,brandon-williams,Brandon Williams,G,POR
1630296,braxton-key,Braxton Key,F,DET
1630271,brodric-thomas,Brodric Thomas,G,BOS
201572,brook-lopez,Brook Lopez,C,MIL
1628971,bruce-brown,Bruce Brown,G-F,BKN
1628981,bruno-fernando,Bruno Fernando,F-C,HOU
1631121,bryce-mcgowens,Bryce McGowens,G,CHA
1627854,bryn-forbes,Bryn Forbes,G,DEN
1631205,buddy-boeheim,Buddy Boeheim,F,DET
1627741,buddy-hield,Buddy Hield,G,IND
1629604,cj-elleby,CJ Elleby,F-G,POR
203468,cj-mccollum,CJ McCollum,G,NOP
1630595,cade-cunningham,Cade Cunningham,G,DET
1631216,caleb-houstan,Caleb Houstan,G,ORL
1628997,caleb-martin,Caleb Martin,F,MIA
1629629,cam-reddish,Cam Reddish,F-G,NYK
1630560,cam-thomas,Cam Thomas,G,BKN
1629661,cameron-johnson,Cameron Johnson,F,PHX
1626166,cameron-payne,Cameron Payne,G,PHX
1627747,caris-levert,Caris LeVert,G,CLE
2546,carmelo-anthony,Carmelo Anthony,F,LAL
1629035,carsen-edwards,Carsen Edwards,G,DET
1630216,cassius-winston,Cassius Winston,G,WAS
1626224,cedi-osman,Cedi Osman,F,CLE
1629646,charles-bassey,Charles Bassey,C-F,PHI
1629718,charlie-brown,Charlie Brown Jr.,G,PHI
1630602,chaundee-brown,Chaundee Brown Jr.,F,ATL
1631096,chet-holmgren,Chet Holmgren,C-F,OKC
1629002,chimezie-metu,Chimezie Metu,F-C,SAC
1628449,chris-boucher,Chris Boucher,F-C,TOR
1629185,chris-chiozza,Chris Chiozza,G,GSW
1630537,chris-duarte,Chris Duarte,G,IND
101108,chris-paul,Chris Paul,G,PHX
1631128,christian-braun,Christian Braun,G,DEN
1631132,christian-koloko,Christian Koloko,C,TOR
1626174,christian-wood,Christian Wood,F,DAL
1629643,chuma-okeke,Chuma Okeke,F,ORL
203991,clint-capela,Clint Capela,C,ATL
1629632,coby-white,Coby White,G,CHI
1628998,cody-martin,Cody Martin,F,CHA
1630175,cole-anthony,Cole Anthony,G,ORL
1631306,cole-swider,Cole Swider,F,LAL
1631221,collin-gillespie,Collin Gillespie,G,DEN
1629012,collin-sexton,Collin Sexton,G,CLE
1630557,corey-kispert,Corey Kispert,F,WAS
202709,cory-joseph,Cory Joseph,G,DET
1626156,dangelo-russell,D'Angelo Russell,G,MIN
201571,dj-augustin,D.J. Augustin,G,LAL
1630597,dj-stewart,DJ Stewart,G,SAS
1630227,daishen-nix,Daishen Nix,G,HOU
1630625,dalano-banton,Dalano Banton,F,TOR
1631207,dalen-terry,Dalen Terry,F,CHI
1627745,damian-jones,Damian Jones,C,LAL
203081,damian-lillard,Damian Lillard,G,POR
1627814,damion-lee,Damion Lee,G-F,PHX
1629655,daniel-gafford,Daniel Gafford,F-C,WAS
1628464,daniel-theis,Daniel Theis,F-C,BOS
201568,danilo-gallinari,Danilo Gallinari,F,SAS
201980,danny-green,Danny Green,G,MEM
1627863,danuel-house,Danuel House Jr.,F-G,PHI
203967,dario-saric,Dario Saric,F-C,PHX
1629647,darius-bazley,Darius Bazley,F,OKC
1629636,darius-garland,Darius Garland,G,CLE
1630561,david-duke,David Duke Jr.,G,BKN
1630525,david-johnson,David Johnson,G,TOR
1628021,david-nwaba,David Nwaba,G-F,HOU
1631223,david-roddy,David Roddy,F,MEM
1630558,davion-mitchell,Davion Mitchell,G,SAC
202722,davis-bertans,Davis Bertans,F,DAL
1628432,davon-reed,Davon Reed,G,DEN
1630549,dayron-sharpe,Day'Ron Sharpe,F,BKN
1628368,deaaron-fox,De'Aaron Fox,G,SAC
1629631,deandre-hunter,De'Andre Hunter,F-G,ATL
1629001,deanthony-melton,De'Anthony Melton,G,PHI
201599,deandre-jordan,DeAndre Jordan,C,PHI
201942,demar-derozan,DeMar DeRozan,G-F,CHI
202326,demarcus-cousins,DeMarcus Cousins,C,DEN
1629731,dean-wade,Dean Wade,F-C,CLE
1629028,deandre-ayton,Deandre Ayton,C,PHX
1627749,dejounte-murray,Dejounte Murray,G,ATL
1626153,delon-wright,Delon Wright,G,WAS
1630166,deni-avdija,Deni Avdija,F,WAS
203471,dennis-schroder,Dennis Schroder,G,HOU
202324,derrick-favors,Derrick Favors,F,OKC
1627884,derrick-jones,Derrick Jones Jr.,F,CHI
201565,derrick-rose,Derrick Rose,G,NYK
1628401,derrick-white,Derrick White,G,BOS
1630217,desmond-bane,Desmond Bane,G,MEM
1626164,devin-booker,Devin Booker,G,PHX
1629962,devin-cannady,Devin Cannady,G,ORL
1630170,devin-vassell,Devin Vassell,G-F,SAS
1629719,devontae-cacok,Devontae Cacok,F,SAS
1628984,devonte-graham,Devonte' Graham,G,NOP
203473,dewayne-dedmon,Dewayne Dedmon,C,MIA
1629712,didi-louzada,Didi Louzada,G,POR
1628415,dillon-brooks,Dillon Brooks,G-F,MEM
1627734,domantas-sabonis,Domantas Sabonis,F-C,SAC
1628378,donovan-mitchell,Donovan Mitchell,G,UTA
1627827,dorian-finney-smith,Dorian Finney-Smith,F,DAL
203926,doug-mcdermott,Doug McDermott,F,SAS
203110,draymond-green,Draymond Green,F,GSW
1630613,duane-washington,Duane Washington Jr.,G,IND
1629130,duncan-robinson,Duncan Robinson,F,MIA
2730,dwight-howard,Dwight Howard,C-F,LAL
203939,dwight-powell,Dwight Powell,F-C,DAL
1629685,dylan-windler,Dylan Windler,G-F,CLE
1630700,dyson-daniels,Dyson Daniels,G,NOP
1630604,ej-liddell,E.J. Liddell,F,NOP
202334,ed-davis,Ed Davis,C-F,CLE
203901,elfrid-payton,Elfrid Payton,G,PHX
1630190,elijah-hughes,Elijah Hughes,G,POR
202339,eric-bledsoe,Eric Bledsoe,G,POR
201569,eric-gordon,Eric Gordon,G,HOU
1629672,eric-paschall,Eric Paschall,F,UTA
1630647,eugene-omoruyi,Eugene Omoruyi,F,OKC
203095,evan-fournier,Evan Fournier,G-F,NYK
1630596,evan-mobley,Evan Mobley,C,CLE
1630267,facundo-campazzo,Facundo Campazzo,G,DEN
1630624,feron-hunt,Feron Hunt,F,NYK
1628402,frank-jackson,Frank Jackson,G,DET
1628373,frank-ntilikina,Frank Ntilikina,G,DAL
1630532,franz-wagner,Franz Wagner,F,ORL
1627832,fred-vanvleet,Fred VanVleet,G,TOR
1627788,furkan-korkmaz,Furkan Korkmaz,G-F,PHI
1629216,gabe-vincent,Gabe Vincent,G,MIA
1628221,gabe-york,Gabe York,G,IND
1630994,gabriel-lundberg,Gabriel Lundberg,G,PHX
1630629,gabriele-procida,Gabriele Procida,G-F,DET
202066,garrett-temple,Garrett Temple,G-F,NOP
1629726,garrison-mathews,Garrison Mathews,G,HOU
1629109,gary-clark,Gary Clark,F,NOP
203914,gary-harris,Gary Harris,G,ORL
1627780,gary-payton,Gary Payton II,G,POR
1629018,gary-trent,Gary Trent Jr.,G-F,TOR
201588,george-hill,George Hill,G,MIL
1627777,georges-niang,Georges Niang,F,PHI
203507,giannis-antetokounmpo,Giannis Antetokounmpo,F,MIL
1629048,goga-bitadze,Goga Bitadze,C-F,IND
201609,goran-dragic,Goran Dragic,G,BKN
202330,gordon-hayward,Gordon Hayward,F,CHA
203476,gorgui-dieng,Gorgui Dieng,C,ATL
1629684,grant-williams,Grant Williams,F,BOS
1628960,grayson-allen,Grayson Allen,G,MIL
1630535,greg-brown,Greg Brown III,F,POR
202328,greg-monroe,Greg Monroe,F-C,MIN
1630611,gui-santos,Gui Santos,G,GSW
1628977,hamidou-diallo,Hamidou Diallo,G,DET
203084,harrison-barnes,Harrison Barnes,F,SAC
202355,hassan-whiteside,Hassan Whiteside,C,UTA
1629312,haywood-highsmith,Haywood Highsmith,F,MIA
1630529,herbert-jones,Herbert Jones,F,NOP
1630656,hugo-besson,Hugo Besson,G,MIL
1629649,ignas-brazdeikis,Ignas Brazdeikis,F,ORL
1630193,immanuel-quickley,Immanuel Quickley,G,NYK
1629067,isaac-bonga,Isaac Bonga,G,TOR
1630171,isaac-okoro,Isaac Okoro,F-G,CLE
1628392,isaiah-hartenstein,Isaiah Hartenstein,C-F,LAC
1630543,isaiah-jackson,Isaiah Jackson,F,IND
1630198,isaiah-joe,Isaiah Joe,G,PHI
1630587,isaiah-livers,Isaiah Livers,F,DET
1630600,isaiah-mobley,Isaiah Mobley,F,CLE
1629676,isaiah-roby,Isaiah Roby,F,SAS
1630191,isaiah-stewart,Isaiah Stewart,F-C,DET
202738,isaiah-thomas,Isaiah Thomas,G,CHA
1630225,isaiah-todd,Isaiah Todd,F,WAS
202397,ish-smith,Ish Smith,G,DEN
1630688,ish-wainright,Ish Wainright,F,PHX
1631130,ismael-kamagate,Ismael Kamagate,C,DEN
1627826,ivica-zubac,Ivica Zubac,C,LAC
1631120,jd-davison,JD Davison,G,BOS
1630550,jt-thor,JT Thor,F,CHA
1629630,ja-morant,Ja Morant,G,MEM
203210,jamychal-green,JaMychal Green,F-C,OKC
201580,javale-mcgee,JaVale McGee,C-F,PHX
1631095,jabari-smith,Jabari Smith II,F,HOU
1631133,jabari-walker,Jabari Walker,F,POR
1630702,jaden-hardy,Jaden Hardy,G,DAL
1631093,jaden-ivey,Jaden Ivey,G,DET
1630183,jaden-mcdaniels,Jaden McDaniels,F,MIN
1630531,jaden-springer,Jaden Springer,G,PHI
203109,jae-crowder,Jae Crowder,F,PHX
1630256,jaesean-tate,Jae'Sean Tate,F,HOU
1631222,jake-laravia,Jake LaRavia,F,MEM
1627774,jake-layman,Jake Layman,F,MIN
1627751,jakob-poeltl,Jakob Poeltl,C,SAS
1628973,jalen-brunson,Jalen Brunson,G,DAL
1631105,jalen-duren,Jalen Duren,C,DET
1630224,jalen-green,Jalen Green,G,HOU
1630552,jalen-johnson,Jalen Johnson,F,ATL
1629667,jalen-mcdaniels,Jalen McDaniels,F-C,CHA
1630188,jalen-smith,Jalen Smith,F-C,IND
1630591,jalen-suggs,Jalen Suggs,G,ORL
1631114,jalen-williams,Jalen Williams,G-F,OKC
1627750,jamal-murray,Jamal Murray,G,DEN
1630547,james-bouknight,James Bouknight,G,CHA
201935,james-harden,James Harden,G,PHI
1630164,james-wiseman,James Wiseman,C,GSW
1630691,jamorko-pickett,Jamorko Pickett,F,DET
1630215,jared-butler,Jared Butler,G,UTA
1629607,jared-harper,Jared Harper,G,NOP
1628991,jaren-jackson,Jaren Jackson Jr.,F-C,MEM
1629020,jarred-vanderbilt,Jarred Vanderbilt,F,UTA
1628386,jarrett-allen,Jarrett Allen,C,CLE
1629633,jarrett-culver,Jarrett Culver,G-F,MEM
1630554,jason-preston,Jason Preston,G,LAC
1629750,javonte-green,Javonte Green,G-F,CHI
1630606,javonte-smart,Javonte Smart,G,MIA
1629637,jaxson-hayes,Jaxson Hayes,C-F,NOP
1630206,jay-scrubb,Jay Scrubb,G,LAC
1627759,jaylen-brown,Jaylen Brown,G-F,BOS
1629669,jaylen-nowell,Jaylen Nowell,G,MIN
1631119,jaylin-williams,Jaylin Williams,F,OKC
1628369,jayson-tatum,Jayson Tatum,F-G,BOS
201145,jeff-green,Jeff Green,F,DEN
203924,jerami-grant,Jerami Grant,F,POR
1630526,jeremiah-robinson-earl,Jeremiah Robinson-Earl,F,OKC
203087,jeremy-lamb,Jeremy Lamb,G-F,SAC
1631110,jeremy-sochan,Jeremy Sochan,F,SAS
1630579,jericho-sims,Jericho Sims,C,NYK
1628975,jevon-carter,Jevon Carter,G,MIL
202710,jimmy-butler,Jimmy Butler,F,MIA
1629111,jock-landale,Jock Landale,C,PHX
203925,joe-harris,Joe Harris,G-F,BKN
204060,joe-ingles,Joe Ingles,F-G,MIL
1630580,joe-wieskamp,Joe Wieskamp,G-F,SAS
203954,joel-embiid,Joel Embiid,C-F,PHI
1628381,john-collins,John Collins,F-C,ATL
1629723,john-konchar,John Konchar,G,MEM
1631098,johnny-davis,Johnny Davis,G,WAS
202685,jonas-valanciunas,Jonas Valanciunas,C,NOP
1628371,jonathan-isaac,Jonathan Isaac,F,ORL
1630228,jonathan-kuminga,Jonathan Kuminga,F,GSW
203903,jordan-clarkson,Jordan Clarkson,G,UTA
1629162,jordan-mclaughlin,Jordan McLaughlin,G,MIN
1629670,jordan-nwora,Jordan Nwora,F,MIL
1629673,jordan-poole,Jordan Poole,G,GSW
1630648,jordan-schakel,Jordan Schakel,G,WAS
1630631,jose-alvarado,Jose Alvarado,G,NOP
1630528,josh-christopher,Josh Christopher,G,HOU
1630581,josh-giddey,Josh Giddey,G,OKC
1630182,josh-green,Josh Green,G,DAL
1628404,josh-hart,Josh Hart,G,POR
1628367,josh-jackson,Josh Jackson,G-F,SAC
1631169,josh-minott,Josh Minott,F,MIN
1629006,josh-okogie,Josh Okogie,G,PHX
1626196,josh-richardson,Josh Richardson,G,SAS
1630563,joshua-primo,Joshua Primo,G,SAS
201950,jrue-holiday,Jrue Holiday,G,MIL
1629308,juan-toscano-anderson,Juan Toscano-Anderson,F,LAL
1630577,julian-champagnie,Julian Champagnie,F,PHI
203944,julius-randle,Julius Randle,F-C,NYK
1630551,justin-champagnie,Justin Champagnie,G-F,TOR
203200,justin-holiday,Justin Holiday,F-G,ATL
1626159,justise-winslow,Justise Winslow,F-G,POR
203994,jusuf-nurkic,Jusuf Nurkic,C,POR
1629752,juwan-morgan,Juwan Morgan,F,BOS
1630539,kai-jones,Kai Jones,C-F,CHA
1626157,karl-anthony-towns,Karl-Anthony Towns,C-F,MIN
1631255,karlo-matkovic,Karlo Matkovic,F-C,NOP
202695,kawhi-leonard,Kawhi Leonard,F,LAC
1631099,keegan-murray,Keegan Murray,F,SAC
1628966,keita-bates-diop,Keita Bates-Diop,F,SAS
1629640,keldon-johnson,Keldon Johnson,F-G,SAS
1629833,keljin-blevins,Keljin Blevins,G,POR
203482,kelly-olynyk,Kelly Olynyk,F-C,DET
1626162,kelly-oubre,Kelly Oubre Jr.,F-G,CHA
202689,kemba-walker,Kemba Walker,G,DET
1631112,kendall-brown,Kendall Brown,G,IND
1629134,kendrick-nunn,Kendrick Nunn,G,LAL
1631113,kennedy-chandler,Kennedy Chandler,G,MEM
1631254,kenneth-lofton,Kenneth Lofton Jr.,F,MEM
1629026,kenrich-williams,Kenrich Williams,G-F,OKC
203145,kent-bazemore,Kent Bazemore,G-F,LAL
203484,kentavious-caldwell-pope,Kentavious Caldwell-Pope,G,DEN
1630231,kenyon-martin,Kenyon Martin Jr.,F,HOU
1631165,keon-ellis,Keon Ellis,G,SAC
1630553,keon-johnson,Keon Johnson,G,POR
1630556,kessler-edwards,Kessler Edwards,F,BKN
201142,kevin-durant,Kevin Durant,F,BKN
1628989,kevin-huerter,Kevin Huerter,G-F,SAC
1628995,kevin-knox,Kevin Knox II,F,ATL
201567,kevin-love,Kevin Love,F-C,CLE
1629645,kevin-porter,Kevin Porter Jr.,G-F,HOU
1626172,kevon-looney,Kevon Looney,F,GSW
1631215,khalifa-diop,Khalifa Diop,C,CLE
203920,khem-birch,Khem Birch,C,TOR
203114,khris-middleton,Khris Middleton,F,MIL
1630165,killian-hayes,Killian Hayes,G,DET
1629681,killian-tillie,Killian Tillie,F-C,MEM
1630184,kira-lewis,Kira Lewis Jr.,G,NOP
202691,klay-thompson,Klay Thompson,G,GSW
204001,kristaps-porzingis,Kristaps Porzingis,F-C,WAS
203937,kyle-anderson,Kyle Anderson,F-G,MEM
1628398,kyle-kuzma,Kyle Kuzma,F,WAS
200768,kyle-lowry,Kyle Lowry,G,MIA
202681,kyrie-irving,Kyrie Irving,G,BKN
200746,lamarcus-aldridge,LaMarcus Aldridge,C-F,BKN
1630163,lamelo-ball,LaMelo Ball,G,CHA
1630205,lamar-stevens,Lamar Stevens,F,CLE
202362,lance-stephenson,Lance Stephenson,F,IND
1629013,landry-shamet,Landry Shamet,G,PHX
1626204,larry-nance,Larry Nance Jr.,F-C,NOP
1628374,lauri-markkanen,Lauri Markkanen,F-C,CLE
2544,lebron-james,LeBron James,F,LAL
1630195,leandro-bolmaro,Leandro Bolmaro,F,UTA
1631311,lester-quinones,Lester Quinones,G,GSW
1629623,lindell-wigginton,Lindell Wigginton,G,MIL
1630322,lindy-waters,Lindy Waters III,F,OKC
1629022,lonnie-walker,Lonnie Walker IV,G-F,LAL
1628366,lonzo-ball,Lonzo Ball,G,CHI
101150,lou-williams,Lou Williams,G,ATL
1629652,luguentz-dort,Luguentz Dort,G,OKC
1629029,luka-doncic,Luka Doncic,F-G,DAL
1630568,luka-garza,Luka Garza,C,DET
1628379,luke-kennard,Luke Kennard,G,LAC
1628436,luke-kornet,Luke Kornet,C-F,BOS
1631247,luke-travers,Luke Travers,F,CLE
1630644,mac-mcclung,Mac McClung,G,LAL
1630201,malachi-flynn,Malachi Flynn,G,TOR
1631103,malaki-branham,Malaki Branham,F,SAS
1627763,malcolm-brogdon,Malcolm Brogdon,G,IND
1630792,malcolm-hill,Malcolm Hill,F,CHI
1627736,malik-beasley,Malik Beasley,G,UTA
1630238,malik-fitts,Malik Fitts,F,BOS
1628370,malik-monk,Malik Monk,G,SAC
1630699,marjon-beauchamp,MarJon Beauchamp,F,MIL
202694,marcus-morris,Marcus Morris Sr.,F,LAC
203935,marcus-smart,Marcus Smart,G,BOS
1631109,mark-williams,Mark Williams,C,CHA
1628365,markelle-fultz,Markelle Fultz,G,ORL
202693,markieff-morris,Markieff Morris,F,MIA
1630250,marko-simonovic,Marko Simonovic,C,CHI
1630210,markus-howard,Markus Howard,G,DEN
1627737,marquese-chriss,Marquese Chriss,F,HOU
1628963,marvin-bagley,Marvin Bagley III,F,DET
1630222,mason-jones,Mason Jones,G,LAL
203486,mason-plumlee,Mason Plumlee,F-C,CHA
1629680,matisse-thybulle,Matisse Thybulle,G-F,PHI
1630346,matt-ryan,Matt Ryan,F,BOS
1629744,matt-thomas,Matt Thomas,G,CHI
1631164,matteo-spagnolo,Matteo Spagnolo,G,MIN
203090,maurice-harkless,Maurice Harkless,F-G,ATL
1631108,max-christie,Max Christie,G,LAL
1629622,max-strus,Max Strus,G-F,MIA
1628467,maxi-kleber,Maxi Kleber,F,DAL
1630593,mckinley-wright,McKinley Wright IV,G,MIN
1629008,michael-porter,Michael Porter Jr.,F,DEN
1628969,mikal-bridges,Mikal Bridges,F,PHX
201144,mike-conley,Mike Conley,G,UTA
203488,mike-muscala,Mike Muscala,F-C,OKC
1628970,miles-bridges,Miles Bridges,F,CHA
1630540,miles-mcbride,Miles McBride,G,NYK
1629011,mitchell-robinson,Mitchell Robinson,C-F,NYK
1628964,mo-bamba,Mo Bamba,C,ORL
1628420,monte-morris,Monte Morris,G,WAS
1626149,montrezl-harrell,Montrezl Harrell,F-C,CHA
1629021,moritz-wagner,Moritz Wagner,F-C,ORL
1629650,moses-brown,Moses Brown,C,CLE
1630541,moses-moody,Moses Moody,G,GSW
1630589,moses-wright,Moses Wright,F,DAL
1631217,moussa-diabate,Moussa Diabate,F,LAC
1628539,mychal-mulder,Mychal Mulder,G,MIA
1629619,myles-powell,Myles Powell,G,PHI
1626167,myles-turner,Myles Turner,C-F,IND
1630230,naji-marshall,Naji Marshall,F,NOP
1629642,nassir-little,Nassir Little,F-G,POR
1630207,nate-hinton,Nate Hinton,G-F,IND
1630233,nathan-knight,Nathan Knight,F-C,MIN
1629675,naz-reid,Naz Reid,C-F,MIN
1629674,neemias-queta,Neemias Queta,C,SAC
202357,nemanja-bjelica,Nemanja Bjelica,F,GSW
203457,nerlens-noel,Nerlens Noel,C-F,NYK
1629651,nic-claxton,Nic Claxton,F-C,BKN
1630208,nick-richards,Nick Richards,C,CHA
1629638,nickeil-alexander-walker,Nickeil Alexander-Walker,G,UTA
201587,nicolas-batum,Nicolas Batum,G-F,LAC
203917,nik-stauskas,Nik Stauskas,G,BOS
203999,nikola-jokic,Nikola Jokic,C,DEN
1631107,nikola-jovic,Nikola Jovic,F,MIA
202696,nikola-vucevic,Nikola Vucevic,C,CHI
1626181,norman-powell,Norman Powell,G,LAC
1628384,og-anunoby,OG Anunoby,F,TOR
1630167,obi-toppin,Obi Toppin,F,NYK
1630534,ochai-agbaji,Ochai Agbaji,G,CLE
1630209,omer-yurtseven,Omer Yurtseven,C,MIA
1630168,onyeka-okongwu,Onyeka Okongwu,F-C,ATL
1629052,oshae-brissett,Oshae Brissett,F-G,IND
203490,otto-porter,Otto Porter Jr.,F,TOR
1631172,ousmane-dieng,Ousmane Dieng,F,OKC
200782,pj-tucker,P.J. Tucker,F,PHI
1629023,pj-washington,P.J. Washington,F,CHA
1631094,paolo-banchero,Paolo Banchero,F,ORL
1627783,pascal-siakam,Pascal Siakam,F,TOR
1626192,pat-connaughton,Pat Connaughton,G,MIL
1631116,patrick-baldwin,Patrick Baldwin Jr.,F,GSW
201976,patrick-beverley,Patrick Beverley,G,UTA
1630172,patrick-williams,Patrick Williams,F,CHI
201988,patty-mills,Patty Mills,G,BKN
202331,paul-george,Paul George,F,LAC
200794,paul-millsap,Paul Millsap,F,PHI
1630194,paul-reed,Paul Reed,F,PHI
1630202,payton-pritchard,Payton Pritchard,G,BOS
1631212,peyton-watson,Peyton Watson,G,DEN
1630173,precious-achiuwa,Precious Achiuwa,F,TOR
1629656,quentin-grimes,Quentin Grimes,G,NYK
1629683,quinndary-weatherspoon,Quinndary Weatherspoon,G,GSW
1630181,rj-hampton,R.J. Hampton,G,ORL
1629628,rj-barrett,RJ Barrett,F-G,NYK
1630612,rj-nembhard,RJ Nembhard Jr.,G,CLE
200765,rajon-rondo,Rajon Rondo,G,CLE
203526,raul-neto,Raul Neto,G,WAS
203493,reggie-bullock,Reggie Bullock,G-F,DAL
202704,reggie-jackson,Reggie Jackson,G,LAC
1626158,richaun-holmes,Richaun Holmes,F,SAC
201937,ricky-rubio,Ricky Rubio,G,IND
203496,robert-covington,Robert Covington,F,LAC
1629057,robert-williams,Robert Williams III,C-F,BOS
1630218,robert-woodard,Robert Woodard II,F,SAS
201577,robin-lopez,Robin Lopez,C,ORL
203918,rodney-hood,Rodney Hood,G-F,LAC
203585,rodney-mcgruder,Rodney McGruder,G,DET
1629641,romeo-langford,Romeo Langford,G-F,SAS
1626220,royce-oneale,Royce O'Neale,F,BKN
200752,rudy-gay,Rudy Gay,F-G,UTA
203497,rudy-gobert,Rudy Gobert,C,MIN
1629060,rui-hachimura,Rui Hachimura,F,WAS
201566,russell-westbrook,Russell Westbrook,G,LAL
1627853,ryan-arcidiacono,Ryan Arcidiacono,G,NYK
1631157,ryan-rollins,Ryan Rollins,G,GSW
1630240,saben-lee,Saben Lee,G,DET
1630180,saddiq-bey,Saddiq Bey,F,DET
1630573,sam-hauser,Sam Hauser,F,BOS
1630572,sandro-mamukelashvili,Sandro Mamukelashvili,F-C,MIL
1630583,santi-aldama,Santi Aldama,F-C,MEM
1630567,scottie-barnes,Scottie Barnes,F,TOR
1630575,scottie-lewis,Scottie Lewis,G,CHA
1630590,scotty-pippen,Scotty Pippen Jr.,G,LAL
201586,serge-ibaka,Serge Ibaka,F,MIL
203552,seth-curry,Seth Curry,G,BKN
1631101,shaedon-sharpe,Shaedon Sharpe,G,POR
1628983,shai-gilgeous-alexander,Shai Gilgeous-Alexander,G,OKC
1629003,shake-milton,Shake Milton,G-F,PHI
1630536,sharife-cooper,Sharife Cooper,G,ATL
1630219,skylar-mays,Skylar Mays,G,ATL
203915,spencer-dinwiddie,Spencer Dinwiddie,G,DAL
1626169,stanley-johnson,Stanley Johnson,F-G,LAL
201939,stephen-curry,Stephen Curry,G,GSW
1628425,sterling-brown,Sterling Brown,G-F,HOU
203500,steven-adams,Steven Adams,C,MEM
1629004,svi-mykhailiuk,Svi Mykhailiuk,G-F,TOR
204456,tj-mcconnell,T.J. McConnell,G,IND
203933,tj-warren,T.J. Warren,F,IND
201959,taj-gibson,Taj Gibson,F,NYK
1629659,talen-horton-tucker,Talen Horton-Tucker,G,LAL
1631106,tari-eason,Tari Eason,F,HOU
1627752,taurean-prince,Taurean Prince,F,MIN
1629611,terance-mann,Terance Mann,G-F,LAC
1629056,terence-davis,Terence Davis,G,SAC
203082,terrence-ross,Terrence Ross,G-F,ORL
1626179,terry-rozier,Terry Rozier,G,CHA
1630678,terry-taylor,Terry Taylor,F,IND
201152,thaddeus-young,Thaddeus Young,F,TOR
203648,thanasis-antetokounmpo,Thanasis Antetokounmpo,F,MIL
1630177,theo-maledon,Theo Maledon,G,OKC
1629033,theo-pinson,Theo Pinson,G-F,DAL
1628418,thomas-bryant,Thomas Bryant,C-F,LAL
203501,tim-hardaway,Tim Hardaway Jr.,G-F,DAL
1627789,timothe-luwawu-cabarrot,Timothe Luwawu-Cabarrot,G-F,ATL
202699,tobias-harris,Tobias Harris,F,PHI
203107,tomas-satoransky,Tomas Satoransky,G,WAS
1628396,tony-bradley,Tony Bradley,C-F,CHI
203503,tony-snell,Tony Snell,G,NOP
1628470,torrey-craig,Torrey Craig,F,PHX
1629027,trae-young,Trae Young,G,ATL
1630200,tre-jones,Tre Jones,G,SAS
1630544,tre-mann,Tre Mann,G,OKC
1630570,trendon-watford,Trendon Watford,F,POR
1630235,trent-forrest,Trent Forrest,G,UTA
1630243,trevelin-queen,Trevelin Queen,G,PHI
1631309,trevor-hudgins,Trevor Hudgins,G,HOU
1631211,trevor-keels,Trevor Keels,G,NYK
203504,trey-burke,Trey Burke,G,HOU
1626168,trey-lyles,Trey Lyles,F,SAC
1630530,trey-murphy,Trey Murphy III,F,NOP
202684,tristan-thompson,Tristan Thompson,C-F,CHI
1628972,troy-brown,Troy Brown Jr.,G-F,LAL
1629660,ty-jerome,Ty Jerome,G-F,OKC
1631102,tyty-washington,TyTy Washington Jr.,G,HOU
1629076,tyler-cook,Tyler Cook,F,CHI
1629639,tyler-herro,Tyler Herro,G,MIA
1630169,tyrese-haliburton,Tyrese Haliburton,G,IND
1631213,tyrese-martin,Tyrese Martin,G,ATL
1630178,tyrese-maxey,Tyrese Maxey,G,PHI
1626145,tyus-jones,Tyus Jones,G,MEM
1628962,udoka-azubuike,Udoka Azubuike,C-F,UTA
2617,udonis-haslem,Udonis Haslem,F,MIA
1630586,usman-garuba,Usman Garuba,F,HOU
1630176,vernon-carey,Vernon Carey Jr.,F-C,WAS
203506,victor-oladipo,Victor Oladipo,G,MIA
1631246,vince-williams,Vince Williams Jr.,G,MEM
1630249,vit-krejci,Vit Krejci,G,OKC
1628427,vlatko-cancar,Vlatko Cancar,F,DEN
1631117,walker-kessler,Walker Kessler,C,UTA
201961,wayne-ellington,Wayne Ellington,G,LAL
1628976,wendell-carter,Wendell Carter Jr.,C-F,ORL
1631111,wendell-moore,Wendell Moore Jr.,G,MIN
1629117,wenyen-gabriel,Wenyen Gabriel,F,LAL
202083,wesley-matthews,Wesley Matthews,G,MIL
203115,will-barton,Will Barton,G,WAS
1626195,willy-hernangomez,Willy Hernangomez,C-F,NOP
1629875,xavier-moon,Xavier Moon,G,LAC
1630270,xavier-sneed,Xavier Sneed,F,UTA
1630214,xavier-tillman,Xavier Tillman Sr.,F,MEM
1631161,yannick-nzosa,Yannick Nzosa,C,WAS
1629139,yuta-watanabe,Yuta Watanabe,G-F,TOR
1630582,yves-pons,Yves Pons,F,MEM
1628380,zach-collins,Zach Collins,F-C,SAS
203897,zach-lavine,Zach LaVine,G-F,CHI
1630192,zeke-nnaji,Zeke Nnaji,F-C,DEN
1630533,ziaire-williams,Ziaire Williams,F,MEM
1629627,zion-williamson,Zion Williamson,F,NOP
